{"ToBkKqdoSgylcLdGVjbsEw==":"digital-marketing-logo-design-template-with-cool-monogram-2227c.png","jV4lSuxtYYV9H9LsN+MiLw==":"digital-marketing-logo-design-template-with-cool-monogram-2227c-1.png","703jGkvtoXpxbZTG7S89UA==":"features2.jpg","HUfpc9SvDwBk7sbVG2SgiA==":"features3.jpg","Cesjxe6cW0NYFSAP4kiRig==":"features1.jpg","Vb7GgbMoe0curpGYBParsg==":"background3.jpg","WeIcOp+qLfFEPxVAXUUAEA==":"features4.jpg","oRykAiO0rUD++7AmPeEwUg==":"background1.jpg","emQdpTx0+Y9ksETDH++jtw==":"orange-and-blue-3d-elements-technology-in-business-and-at-work-presentation.png","zxkRNPzFkVKm2o4JuGl/Rw==":"website%20development-398x341.jpg","9XxqiIrYL5J8zoJ7bEelrA==":"screenshot_1_gejo2ymd0nz0ml-398x346.png","hCO/A64D+1gSymva+oQADA==":"screenshot_14_gejnesmbwvqdjw-398x278.png","wUgPQIxPMNQJKijgymx34Q==":"interior13-398x299.jpg","/l7GESrJTWvdz0F9npFvAQ==":"t116746336_g-398x316.jpg","a57iDv9q4pFOBX17snD9Bg==":"copy%20of%20new%20app-398x398.png","ZDT8YjM6BhjKoWqqv59RrA==":"www.thehostdaddy.com%20(1)-398x398.png","7nhBk3qDAEPcNq6bScOc7A==":"www.thehostdaddy.com-398x398.png","qfecNMVSpxLW/YtElyDZvg==":"man%20silhouette%20thrillermystery%20book%20cover%20(13)-398x398.png","zs9TgEjyn2Tr+KHHTCn2Aw==":"new%20app%20(3)-398x398.png","E7J2tcw0SCyw4Q9bUFU54Q==":"1-555x555.png","cQr7R3r52GPI4EIhYPEieA==":"2-555x555.png","Fx2UV/3hdKGKLBu4el5pBQ==":"new%20app%20(9)-555x555.png","FpyD+XVCXOoewBejiChBhQ==":"untitled%20design%20(4)-708x708.png","sEv1i+GJOKPTuzEdP144vQ==":"ranchi_rj-rajiv-1-512x512.png","l3P2HISazT5WZIYdEnKO0w==":"www.thehostdaddy.com%20(1)-706x706.png","ciLc1yNFN6vgg7YqI8CSZw==":"digital-marketing-logo-design-template-with-cool-monogram-2227c-706x706.png","JQ+uvBA1nY/4hH9LgBHDyA==":"interior%20architecture%20minimalist%20website%20presentation%20-1350x650.png","7/rBZtOlAn9ljzWrhuo0sQ==":"new%20app%20(4)-398x398.png","XdlAY+R5AiyuiTWm++KY+Q==":"man%20silhouette%20thrillermystery%20book%20cover%20(17)-861x861.png","DC5xNFysYcplUZmWAbYJwQ==":"1627262440335-200x200.jpg","CWybKpBzm30hyjr2/ewzNA==":"1598676494749-100x100.jpg","QordYGCiIROOk/M6J3gC3g==":"1517075932749-200x200.jpg","VWqpZGQcIrirUR4kmQeHPg==":"whatsapp%20image%202021-09-16%20at%2017.09.40-563x431.jpg","uywjgwr7kAD6jmxNVUceEA==":"filmorax_large-480x480.jpg","GUPUxpWITKEE0OMohLM0DA==":"mother%20india%20sweets%20(2)-563x563.png","HbCWStsSmtcJqphgMN1jhw==":"mother%20india%20sweets%20(3)-551x551.png","0OtCAj1vkc+iGKto1GY2TQ==":"mother%20india%20sweets%20(3)-551x551.png","AfHtbP1LaYnkBNlNAx0m8g==":"o_1duf23lql7fhl341g251surqo010-551x551.png","NcQRW6qN8n0SGs5KmIzjrQ==":"1564684055231-678x452.jpg","6ipWdvGR3PwoN7A2KgGSEw==":"897a6240411a78b55abf1e7e171f3f47-678x460.jpg","EiD7aDJMhdU0PT9nSXXTwQ==":"6_plp-image-678x509.jpg","ARnwaHCVIVBESlpe/ySa8Q==":"imported-genuine-leather-modern-sofa-set-with-chaise-678x353.jpg","coJXg4NTaxR+zmZjUDJiLA==":"copy%20of%20new%20app-381x381.png","/RqhNRPwFy7jT4KKY519vw==":"new%20app%20(4)-381x381.png","X3WutI+qQL2hpGikZoscCw==":"www.thehostdaddy.com-381x381.png","OCuPyTlFuZ5jc3Kr7ejeTA==":"www.thehostdaddy.com%20(1)-381x381.png","OVSlyUG9AzBduM2jvHuiMA==":"999%20(1)-381x381.png","Aj601JgVZM60/4UmYzyM2g==":"145819777-267206301462440-1877913185950405231-o-381x381.jpg","9NcrQT3El3xshXGXNas/UQ==":"3-381x381.png","FY4MHdr77Oq1bHyabUl/Zg==":"pink%20purple%20blue%20white%20gradation%20and%20modulation%20youtube%20channel%20art%20(2)-381x381.png","ZrdvrH9ZgASX5Ea4HQ2XjA==":"interior%20architecture%20minimalist%20website%20presentation%20-1350x650.png","dOtb3Can9OddPjOXnzr+fQ==":"interior%20architecture%20minimalist%20website%20presentation%20-1350x650.png","aMYK0abRscK1GnH3ZWdUWQ==":"offline%20merchant-551x1029.png","ugdhxvsCPRLW6gzsh+SBWg==":"whatsapp%20image%202021-07-19%20at%2013.06.05-551x628.jpg","8JGGHKU6GuMm6+GDJ0pEFA==":"offline%20merchant-551x1029.png","qJYw/ECCOUuIc73QRTZ0Bg==":"offline%20merchant-551x1029.png","zdnb8H89x6MxKiV5Pj/DwQ==":"whatsapp%20image%202021-07-19%20at%2013.06.52-551x985.jpeg","c0QQJT4bxgG+hWqc6nwVTA==":"whatsapp%20image%202021-07-19%20at%2013.06.52-551x985.jpeg","z6QUx8BAPAvx0+UKvc6vxw==":"blue%20orange%20business%20facebook%20post%20(2)-551x462.png","qi/07L2a2lIRl1WRSIgVrg==":"blue%20orange%20business%20facebook%20post%20(3)-551x462.png","eaZbB8N6/AB0VnxIJENnOw==":"blue%20orange%20business%20facebook%20post%20(4)-551x462.png","911X7bM4yT2Mobv6BsMc+g==":"background8.jpg","WL2eEmbNAl1sufkMk8l0Rg==":"gskf42bnis-1280x720.jpg","HQLOKkVOcjAd8bJvwbASZQ==":"cdfmzzo32a-551x310.jpg","1GKEQ6J2LK3Rc3ukcdL6tA==":"epbkdumlww-551x310.jpg","V2taYdEE5d1jg/Uv7nklaQ==":"1-551x310.jpg","M5lHMmFj59SBNZHKlQ4AKw==":"1%20(1)-551x355.jpg","sHvBHdSYDxqdpW0MneRVzg==":"1%20(2)-551x551.jpg","JDdgKdVilRZLMAdFps0AJg==":"kitchen%20ser-551x367.jpg","hZCvGv9fRTeh7FETq2C4bw==":"4-381x485.jpg","zbl6uBoz2BvxLi0S8kRxhw==":"3-381x485.jpg","9SGE+0+6ZN9x/huiihQ48Q==":"2-381x485.jpg","sZnK01g1rtSBoXS3S5hPtQ==":"service-23-373x280.jpg","MyQv9AwmXOHy5TQpAqSZqg==":"project-single-18-381x224.jpg","MHERv18vs9GhwCf7VMOaxw==":"photo-1519710164239-da123dc03ef4-381x572.jpg","g9rJL9N/cOK0Q+SZsbD+6A==":"photo-1556702571-3e11dd2b1a92-381x572.jpg","Ih3tHHhq1oKRsLypj8Lg0w==":"photo-1522156373667-4c7234bbd804-381x577.jpg","/puwqSCDY0+2bQqvSufCRA==":"photo-1606744837616-56c9a5c6a6eb-381x508.jpg","rlpZkKbp2nZBuuwTyZgikA==":"photo-1618220179428-22790b461013-381x677.jpg","8Wun7ekim46VVGliY15mWQ==":"o04cejvo1w-209x178.png","G6oZEdh/Nkpuk3ar67w9Fw==":"o04cejvo1w-1-209x178.png","4pRBWXHz72qKVHOVXjM9cg==":"o04cejvo1w-859x730.png"}